Entity,Code,Year,Depression,Schizophrenia,eating disorders,Anxiety
Indonesia,IDN,2015,341.90674,188.51907,22.472834,335.8872
Indonesia,IDN,2016,341.1956,188.17458,22.944355,336.9614
Indonesia,IDN,2017,340.5059,187.86086,23.361559,337.78015
Indonesia,IDN,2018,343.55807,188.28181,23.671894,338.28217
Indonesia,IDN,2019,350.2642,189.27168,23.919266,338.9018
