Entity,Code,Year,Depression,Schizophrenia,eating disorders,Anxiety
China,CHN,2015,422.05246,197.92525,22.311602,300.4814
China,CHN,2016,421.40128,200.48279,23.212141,305.71487
China,CHN,2017,420.54895,202.95386,23.955355,311.18127
China,CHN,2018,419.2856,202.93486,24.338549,310.26324
China,CHN,2019,416.94873,202.42096,24.539595,306.01974
