Entity,Code,Year,Depression,Schizophrenia,eating disorders,Anxiety
Pakistan,PAK,2015,654.79895,177.53447,24.588213,326.2161
Pakistan,PAK,2016,653.8922,177.45189,25.040562,326.54544
Pakistan,PAK,2017,654.49536,177.31163,25.484232,326.6852
Pakistan,PAK,2018,662.26276,177.39119,25.683395,327.31042
Pakistan,PAK,2019,678.266,177.38658,25.903376,328.23407
