Entity,Code,Year,Depression,Schizophrenia,eating disorders,Anxiety
India,IND,2015,623.9644,181.19757,25.375034,285.53076
India,IND,2016,623.63855,181.6862,26.052809,286.3654
India,IND,2017,623.1486,182.03555,26.670767,286.72156
India,IND,2018,620.723,181.51364,27.108828,284.22504
India,IND,2019,616.13,180.38898,27.497412,278.50314
